zone_id,imd_score,imd_decile,income_score,income_decile,employment_score,employment_decile,geog_barriers_score,geog_barriers_decile,population
E02001682,16.123,6,0.112,5,0.1,4,0.145,4,8298
E02001683,13.216,7,0.089,6,0.08,6,-0.167,7,9124
E02001684,40.886,1,0.261,1,0.175,2,-0.449,8,6746
E02001685,32.297,2,0.196,2,0.161,2,-0.384,8,8207
E02001686,16.648,6,0.102,6,0.093,5,0.15,4,6894
E02001688,35.872,2,0.222,2,0.174,2,-0.258,7,7555
E02001689,42.207,1,0.226,2,0.185,1,-1.309,10,8492
E02001690,21.811,4,0.136,4,0.116,4,-0.002,5,7457
E02001691,35.416,2,0.202,2,0.155,2,-0.979,10,8761
E02001692,51.689,1,0.302,1,0.223,1,-0.047,6,6565
E02001693,43.969,1,0.259,1,0.212,1,-0.678,9,5611
E02001694,21.711,5,0.126,5,0.112,4,-0.138,6,6539
E02001695,16.511,6,0.097,6,0.095,5,0.37,3,6340
E02001696,35.476,2,0.207,2,0.174,2,-0.223,7,9243
E02001697,14.361,7,0.097,6,0.088,5,-0.684,9,7545
E02001698,9.075,9,0.049,9,0.061,8,0.282,4,7151
E02001699,33.584,2,0.172,3,0.147,2,0.327,3,6891
E02001700,18.337,5,0.117,5,0.104,4,0.166,4,10501
E02001701,9.717,9,0.066,8,0.059,8,-0.206,7,6300
E02001702,49.506,1,0.289,1,0.228,1,-0.507,9,8026
E02001703,16.039,6,0.109,5,0.091,5,0.38,3,5603
E02001704,35.437,2,0.207,2,0.177,2,0.217,4,7010
E02001705,30.819,3,0.195,2,0.171,2,-0.036,6,7112
E02001706,28.987,3,0.167,3,0.136,3,0.23,4,7650
E02001707,27.751,3,0.167,3,0.136,3,-0.145,6,8223
E02001708,15.187,6,0.096,6,0.085,5,0.42,3,11137
E02001709,7.048,10,0.051,9,0.047,9,-0.026,6,10215
E02001710,38.708,2,0.24,2,0.184,1,-0.202,7,9692
E02001711,40.026,2,0.251,1,0.192,1,0.1,5,9497
E02001712,8.952,9,0.059,9,0.052,8,-0.048,6,9842
E02001713,11.46,8,0.082,7,0.076,6,-0.287,7,10474
E02001714,7.336,10,0.052,9,0.052,8,0.14,4,9572
E02001715,38.418,2,0.253,1,0.19,1,-0.071,6,11410
E02001718,45.341,1,0.27,1,0.208,1,-0.044,6,5762
E02001719,14.102,7,0.086,7,0.073,6,-0.24,7,9020
E02001720,7.921,9,0.026,10,0.02,10,-0.938,10,9887
E02001721,27.507,3,0.172,3,0.14,3,0.149,4,10312
E02001722,34.679,2,0.202,2,0.167,2,0.188,4,9518
E02001723,33.669,2,0.231,2,0.156,2,-0.646,9,6365
E02001724,10.28,9,0.047,10,0.034,10,-0.224,7,9096
E02001725,27.486,3,0.157,3,0.116,4,-1.23,10,10426
E02001726,30.342,3,0.196,2,0.139,3,-0.357,8,12469
E02001727,32.43,2,0.199,2,0.165,2,-0.401,8,8485
E02001728,31.882,3,0.187,3,0.148,2,0.182,4,9544
E02001729,29.546,3,0.174,3,0.118,3,-0.664,9,13057
E02001730,20.79,5,0.09,6,0.056,8,-0.674,9,17015
E02001731,31.404,3,0.146,4,0.104,4,-0.157,7,16362
E02001732,46.683,1,0.284,1,0.209,1,-0.8,10,4978
E02001733,61.474,1,0.361,1,0.285,1,-0.238,7,11953
E02001734,46.382,1,0.308,1,0.214,1,-0.729,9,7957
E02001735,63.498,1,0.38,1,0.284,1,-0.661,9,6640
E02001736,55.195,1,0.351,1,0.249,1,-0.855,10,13543
E02001737,63.033,1,0.394,1,0.311,1,-0.387,8,6109
E02001738,4.927,10,0.03,10,0.041,10,0.614,2,5745
E02001739,24.579,4,0.147,4,0.138,3,-0.054,6,7449
E02001740,4.177,10,0.034,10,0.044,9,-0.608,9,5832
E02001741,11.364,8,0.08,7,0.075,6,-0.044,6,7247
E02001742,7.681,10,0.054,9,0.059,8,0.074,5,6041
E02001743,19.354,5,0.106,5,0.106,4,-0.489,9,7670
E02001744,18.051,6,0.113,5,0.094,5,0.514,2,6851
E02001745,19.626,5,0.129,4,0.105,4,0.229,4,6525
E02001746,15.459,6,0.117,5,0.101,4,-0.577,9,8328
E02001747,9.396,9,0.064,8,0.072,7,-0.246,7,6200
E02001748,21.747,4,0.138,4,0.113,4,0.397,3,7944
E02001749,14.889,7,0.1,6,0.086,5,0.106,5,6117
E02001750,10.323,9,0.078,7,0.072,7,0.508,3,6583
E02001751,19.088,5,0.132,4,0.118,3,-0.468,8,5929
E02001752,32.503,2,0.218,2,0.172,2,0.072,5,6323
E02001753,15.534,6,0.104,6,0.095,5,-0.305,8,6292
E02001754,9.241,9,0.073,8,0.06,8,-0.05,6,5939
E02001755,14.849,7,0.097,6,0.083,6,0.303,4,8243
E02001756,28.92,3,0.19,2,0.141,2,-0.052,6,9353
E02001757,22.353,4,0.138,4,0.118,3,-0.03,6,5809
E02001758,20.507,5,0.133,4,0.111,4,0.515,2,5467
E02001759,25.723,4,0.16,3,0.136,3,-0.69,9,6101
E02001760,47.566,1,0.309,1,0.237,1,-0.513,9,7829
E02001761,21.69,5,0.14,4,0.123,3,-0.286,7,5486
E02001762,15.427,6,0.096,6,0.085,5,0.479,3,5459
E02001763,34.737,2,0.232,2,0.187,1,-0.822,10,6303
E02001764,51.055,1,0.306,1,0.24,1,0.2,4,7625
E02001765,37.739,2,0.251,1,0.184,1,-0.327,8,7704
E02001766,35.567,2,0.231,2,0.168,2,-0.277,7,7367
E02001767,33.509,2,0.2,2,0.162,2,-0.857,10,6964
E02001768,35.083,2,0.216,2,0.187,1,-0.185,7,8482
E02001769,51.849,1,0.317,1,0.271,1,-0.254,7,7732
E02001770,18.67,5,0.125,5,0.105,4,-0.441,8,6404
E02001771,31.575,3,0.215,2,0.18,1,-0.269,7,6605
E02001772,26.489,3,0.166,3,0.142,2,-0.428,8,5310
E02001773,11.693,8,0.085,7,0.084,5,-0.241,7,5331
E02001774,44.427,1,0.272,1,0.232,1,-0.517,9,5419
E02001775,34.642,2,0.249,1,0.189,1,-0.281,7,5536
E02001776,32.543,2,0.218,2,0.171,2,-0.21,7,8708
E02001777,22.276,4,0.144,4,0.129,3,-0.026,6,6140
E02001778,39.107,2,0.244,1,0.197,1,-0.9,10,5962
E02001779,46.213,1,0.287,1,0.241,1,-0.16,7,5604
E02001780,29.63,3,0.214,2,0.171,2,-0.319,8,5643
E02001781,45.688,1,0.303,1,0.229,1,-0.36,8,5443
E02001782,33.627,2,0.212,2,0.179,2,0.124,5,8718
E02001783,46.759,1,0.325,1,0.234,1,-0.168,7,6879
E02001784,32.326,2,0.227,2,0.184,1,-0.225,7,6806
E02001785,21.217,5,0.154,3,0.135,3,0.082,5,7781
E02001786,37.138,2,0.225,2,0.202,1,-0.061,6,6832
E02001787,28.061,3,0.182,3,0.149,2,0.052,5,5521
E02001788,27.804,3,0.186,3,0.152,2,-0.111,6,5868
E02001789,5.741,10,0.032,10,0.044,9,0.457,3,5692
E02001790,13.858,7,0.102,6,0.082,6,0.138,4,6079
E02001791,7.404,10,0.053,9,0.055,8,-0.535,9,5630
E02001792,11.762,8,0.073,8,0.079,6,-0.298,7,6907
E02001793,49.763,1,0.315,1,0.232,1,-0.129,6,8326
E02001794,47.144,1,0.295,1,0.243,1,-0.083,6,8717
E02001795,45.528,1,0.282,1,0.228,1,-0.316,8,7625
E02001796,21.651,5,0.139,4,0.112,4,-0.657,9,9447
E02001797,15.52,6,0.091,6,0.095,5,0.58,2,5985
E02001798,34.112,2,0.224,2,0.182,1,-0.555,9,8224
E02001799,41.294,1,0.264,1,0.205,1,0.088,5,9806
E02001800,23.464,4,0.151,4,0.128,3,0.436,3,7124
E02001801,31.896,2,0.19,2,0.138,3,-0.942,10,6935
E02001802,50.395,1,0.326,1,0.246,1,-0.305,8,6413
E02001803,35.639,2,0.2,2,0.15,2,-0.206,7,9492
E02001804,32.05,2,0.206,2,0.173,2,-0.67,9,6559
E02001805,22.48,4,0.144,4,0.126,3,-0.766,9,5913
E02001806,63.01,1,0.388,1,0.304,1,-1.142,10,8390
E02001807,27.158,3,0.172,3,0.142,2,0.558,2,7619
E02001808,21.177,5,0.136,4,0.102,4,-1.255,10,6144
E02001809,22.027,4,0.139,4,0.127,3,0.411,3,6457
E02001810,22.272,4,0.139,4,0.127,3,0.746,2,8586
E02001811,39.489,2,0.258,1,0.203,1,-0.365,8,9077
E02001812,12.547,8,0.071,8,0.086,5,0.055,5,10181
E02001813,47.066,1,0.312,1,0.239,1,-0.333,8,10037
E02001814,29.228,3,0.198,2,0.159,2,0.0,5,6292
E02001815,16.092,6,0.099,6,0.1,4,0.71,2,10203
E02001816,39.431,2,0.268,1,0.209,1,-0.237,7,6931
E02001817,29.847,3,0.204,2,0.17,2,-0.525,9,6440
E02001818,27.478,3,0.179,3,0.152,2,0.086,5,8727
E02001819,12.357,8,0.086,7,0.081,6,0.417,3,6748
E02001820,27.16,3,0.161,3,0.146,2,0.121,5,8723
E02001821,17.989,6,0.11,5,0.115,4,0.672,2,5743
E02001822,24.246,4,0.149,4,0.126,3,0.435,3,7494
E02001823,30.423,3,0.175,3,0.165,2,-0.181,7,7350
E02001824,28.59,3,0.183,3,0.162,2,0.069,5,8665
E02001825,30.829,3,0.183,3,0.18,1,-0.348,8,7025
E02001826,42.318,1,0.246,1,0.215,1,0.019,5,6878
E02006841,33.524,2,0.175,3,0.125,3,-0.185,7,8464
E02006842,31.776,3,0.173,3,0.137,3,-0.438,8,5416
E02006893,16.506,6,0.095,6,0.095,5,0.251,4,10427
